Region Name,Region Type,Data Type,Oct 09,Nov 09,Dec 09,Jan 10,Feb 10,Mar 10,Apr 10,May 10,Jun 10,Jul 10,Aug 10,Sep 10,Oct 10,Nov 10,Dec 10,Jan 11,Feb 11,Mar 11,Apr 11,May 11,Jun 11,Jul 11,Aug 11,Sep 11,Oct 11,Nov 11,Dec 11,Jan 12,Feb 12,Mar 12,Apr 12,May 12,Jun 12,Jul 12,Aug 12,Sep 12,Oct 12,Nov 12,Dec 12,Jan 13,Feb 13,Mar 13,Apr 13,May 13,Jun 13,Jul 13,Aug 13,Sep 13,Oct 13,Nov 13,Dec 13,Jan 14,Feb 14,Mar 14,Apr 14,May 14,Jun 14,Jul 14,Aug 14,Sep 14,Oct 14,Nov 14,Dec 14,Jan 15,Feb 15,Mar 15,Apr 15,May 15,Jun 15,Jul 15,Aug 15,Sep 15,Oct 15,Nov 15,Dec 15,Jan 16,Feb 16,Mar 16,Apr 16,May 16,Jun 16,Jul 16,Aug 16,Sep 16,Oct 16,Nov 16,Dec 16,Jan 17,Feb 17,Mar 17,Apr 17,May 17,Jun 17,Jul 17,Aug 17,Sep 17,Oct 17,Nov 17,Dec 17,Jan 18,Feb 18,Mar 18,Apr 18,May 18,Jun 18,Jul 18,Aug 18,Sep 18,Oct 18,Nov 18,Dec 18,Jan 19,Feb 19,Mar 19,Apr 19,May 19,Jun 19,Jul 19,Aug 19,Sep 19
Queens,borough,All Homes,"$425,100","$426,300","$427,300","$427,900","$428,500","$427,200","$422,900","$419,600","$420,000","$421,500","$420,000","$415,500","$412,600","$409,900","$407,900","$407,700","$409,700","$410,000","$411,100","$413,700","$414,600","$411,800","$411,300","$414,700","$416,100","$413,700","$409,900","$406,600","$403,900","$402,400","$401,000","$399,700","$400,100","$401,800","$403,100","$404,700","$407,200","$410,300","$413,200","$415,200","$416,400","$419,000","$423,200","$427,800","$431,300","$433,800","$435,700","$437,300","$439,100","$441,800","$445,700","$450,100","$454,300","$457,900","$461,000","$463,400","$465,300","$468,400","$472,000","$474,800","$477,100","$480,000","$483,100","$485,700","$488,100","$491,300","$494,100","$495,700","$498,100","$502,500","$506,600","$509,500","$512,900","$517,000","$520,400","$523,600","$527,000","$530,300","$533,900","$538,100","$541,200","$543,400","$546,700","$549,900","$552,900","$558,000","$564,600","$569,700","$572,200","$574,700","$578,200","$582,200","$585,200","$588,700","$592,700","$597,300","$601,300","$603,400","$604,500","$607,800","$612,500","$617,800","$623,100","$628,900","$633,300","$635,600","$636,200","$638,600","$642,300","$644,900","$646,100","$647,400","$650,000","$651,200","$650,600","$648,000","$645,400","$644,700","$646,200","$646,100"
Arverne,neighborhood,All Homes,"$289,300","$290,600","$293,400","$296,000","$297,500","$301,100","$304,200","$303,300","$300,700","$299,200","$297,100","$295,400","$295,400","$292,700","$289,800","$288,400","$289,600","$288,700","$288,400","$290,200","$291,500","$290,400","$288,600","$286,400","$279,900","$270,400","$260,400","$255,400","$254,400","$254,400","$253,400","$253,800","$255,600","$257,500","$259,400","$259,700","$259,100","$260,100","$263,400","$265,500","$265,000","$264,500","$267,200","$268,300","$266,300","$261,900","$259,000","$258,700","$261,200","$267,300","$275,600","$280,100","$274,800","$265,500","$256,500","$252,800","$254,100","$260,400","$266,800","$272,000","$277,200","$283,000","$282,100","$274,500","$271,000","$274,300","$279,600","$281,600","$280,100","$278,300","$278,600","$279,800","$281,700","$281,700","$283,700","$289,000","$294,000","$297,200","$300,800","$304,900","$309,700","$313,900","$314,400","$314,400","$318,000","$322,100","$322,100","$321,300","$322,900","$324,900","$325,900","$326,600","$326,300","$323,000","$321,700","$322,600","$320,500","$315,900","$313,400","$316,300","$326,000","$338,400","$343,600","$342,600","$343,500","$347,200","$349,800","$353,300","$358,600","$362,700","$366,300","$372,800","$377,900","$375,700","$372,000","$372,700","$373,800","$376,200","$379,500","$378,800"
Astoria,neighborhood,All Homes,"$503,600","$501,700","$501,500","$501,200","$502,500","$493,900","$476,100","$465,800","$470,600","$477,700","$479,300","$476,900","$474,600","$470,300","$467,900","$471,000","$476,500","$481,600","$488,200","$494,300","$495,900","$492,800","$493,900","$502,800","$510,600","$512,100","$509,800","$506,400","$502,800","$503,300","$502,700","$497,200","$491,500","$489,100","$487,500","$486,600","$486,300","$487,700","$490,100","$492,400","$495,300","$499,000","$505,800","$514,600","$521,400","$526,200","$532,300","$537,000","$541,800","$547,000","$552,200","$555,700","$557,700","$559,700","$564,200","$567,800","$568,800","$571,300","$577,500","$582,300","$585,600","$592,400","$601,000","$604,900","$602,800","$603,300","$607,400","$613,900","$621,500","$633,200","$640,300","$648,500","$658,500","$665,600","$668,400","$676,900","$687,000","$695,500","$706,800","$718,400","$726,300","$730,600","$736,600","$737,600","$739,300","$750,400","$767,300","$775,900","$780,100","$786,500","$791,700","$796,000","$798,600","$800,300","$797,700","$794,500","$788,500","$779,200","$766,100","$766,300","$780,400","$795,700","$799,700","$800,300","$799,300","$799,800","$802,600","$812,900","$829,000","$843,500","$852,100","$854,200","$854,600","$855,800","$860,800","$866,700","$872,500","$874,700","$875,000","$873,000"
Astoria Heights,neighborhood,All Homes,"$304,400","$304,800","$305,900","$306,800","$307,500","$303,500","$295,500","$288,900","$285,900","$283,900","$282,100","$278,800","$276,100","$272,100","$269,100","$268,000","$269,800","$271,900","$273,400","$274,600","$277,700","$280,000","$281,400","$284,600","$285,900","$286,900","$285,800","$282,900","$280,300","$280,800","$280,600","$280,400","$279,600","$278,600","$278,700","$279,800","$281,600","$282,000","$281,500","$282,100","$283,400","$283,700","$285,000","$286,900","$287,900","$288,100","$288,200","$289,100","$291,300","$295,200","$301,200","$305,000","$305,800","$307,400","$310,400","$312,900","$316,800","$323,400","$330,700","$334,800","$335,300","$334,800","$334,600","$335,600","$337,400","$340,200","$342,800","$345,200","$348,000","$351,200","$353,200","$355,800","$360,200","$364,800","$367,800","$370,200","$371,900","$373,500","$376,600","$380,400","$384,400","$389,800","$395,000","$397,200","$397,400","$398,800","$402,200","$405,100","$405,700","$406,600","$409,100","$411,900","$410,500","$405,600","$401,400","$400,900","$404,000","$407,200","$409,100","$413,700","$420,400","$425,100","$429,500","$435,200","$438,400","$440,000","$441,500","$444,500","$447,700","$450,000","$451,800","$454,000","$456,500","$457,500","$457,100","$455,000","$451,100","$448,700","$446,800","$442,900"
Auburndale,neighborhood,All Homes,"$564,500","$567,200","$570,400","$572,800","$573,500","$574,200","$574,100","$572,000","$571,100","$572,300","$569,000","$562,100","$556,800","$551,500","$546,400","$544,300","$547,100","$549,600","$551,700","$555,900","$557,900","$555,200","$555,100","$558,900","$559,600","$556,800","$553,700","$552,200","$550,300","$548,300","$546,900","$548,100","$551,700","$553,400","$552,400","$552,500","$555,400","$559,800","$563,100","$564,000","$565,800","$569,800","$574,300","$577,200","$579,800","$583,800","$590,000","$597,200","$604,100","$610,000","$616,300","$622,700","$629,100","$635,500","$641,300","$645,700","$650,300","$657,700","$666,700","$672,800","$677,000","$682,900","$690,400","$696,500","$699,700","$702,600","$706,200","$707,900","$710,100","$715,000","$719,700","$722,400","$725,100","$729,500","$733,500","$736,000","$736,800","$736,300","$736,800","$739,600","$742,300","$744,100","$746,700","$750,200","$754,000","$760,000","$768,200","$776,900","$783,900","$791,200","$799,400","$807,800","$814,000","$819,900","$825,400","$830,300","$834,400","$835,600","$834,100","$836,600","$842,400","$846,800","$850,300","$856,700","$862,600","$864,000","$863,000","$866,800","$872,600","$874,700","$873,900","$874,400","$876,900","$877,300","$873,300","$867,300","$862,300","$861,400","$862,100","$859,300"
Belle Harbor,neighborhood,All Homes,"$808,100","$812,900","$812,200","$809,400","$810,700","$806,600","$796,500","$795,100","$800,200","$801,600","$799,800","$792,300","$785,500","$777,600","$775,400","$781,200","$790,400","$788,100","$783,300","$782,800","$782,500","$779,300","$780,000","$786,300","$782,600","$765,600","$744,600","$731,400","$722,100","$717,700","$717,200","$715,500","$712,000","$709,800","$713,100","$717,200","$719,800","$722,800","$726,600","$724,600","$721,200","$720,100","$712,800","$701,300","$687,900","$668,900","$641,500","$626,900","$627,500","$634,300","$636,900","$638,600","$640,900","$648,800","$658,900","$668,000","$675,600","$682,100","$689,000","$685,600","$675,300","$671,100","$676,700","$679,100","$676,900","$674,500","$675,100","$678,400","$689,100","$704,200","$717,000","$725,900","$733,900","$739,800","$745,800","$754,000","$763,100","$769,100","$773,100","$772,900","$770,500","$773,000","$779,500","$785,800","$797,000","$813,300","$823,400","$827,800","$833,300","$839,800","$845,600","$849,800","$852,300","$858,600","$870,600","$882,300","$889,600","$890,400","$892,600","$899,500","$903,000","$908,600","$922,100","$937,800","$942,600","$942,500","$939,300","$936,900","$936,700","$938,900","$936,000","$930,100","$924,100","$920,400","$917,500","$915,500","$917,100","$921,100","$925,700","$930,200"
Bellerose,neighborhood,All Homes,"$431,800","$433,100","$434,700","$436,100","$437,000","$437,300","$435,800","$434,000","$433,500","$434,400","$433,500","$428,700","$424,100","$420,600","$419,100","$419,200","$420,600","$420,900","$422,600","$426,000","$427,800","$425,000","$422,500","$423,100","$422,700","$418,200","$412,500","$406,700","$402,300","$399,000","$395,400","$393,800","$396,700","$400,900","$402,900","$407,000","$413,000","$419,300","$424,000","$427,300","$428,500","$430,200","$434,600","$439,100","$441,700","$443,200","$444,500","$444,500","$444,600","$446,600","$449,700","$454,400","$460,500","$466,200","$469,500","$472,300","$473,500","$473,600","$475,800","$480,100","$482,900","$483,900","$484,500","$484,800","$484,600","$485,300","$485,600","$484,100","$485,100","$490,100","$493,300","$492,700","$494,200","$499,500","$503,900","$505,500","$505,900","$506,100","$507,000","$508,800","$509,800","$512,500","$517,200","$519,100","$519,100","$522,300","$528,500","$534,600","$538,900","$543,500","$549,200","$554,200","$556,100","$557,000","$559,800","$564,300","$568,500","$569,900","$569,200","$571,500","$578,100","$584,500","$589,200","$594,200","$598,500","$600,500","$601,100","$605,100","$610,900","$613,600","$614,100","$614,800","$615,900","$615,700","$614,300","$611,400","$609,500","$609,700","$611,700","$611,700"
Briarwood,neighborhood,All Homes,"$400,100","$400,000","$399,800","$398,900","$397,900","$395,600","$390,900","$387,300","$386,900","$388,200","$387,300","$383,600","$381,100","$376,700","$372,000","$370,600","$371,800","$370,400","$369,000","$367,300","$365,200","$360,500","$357,700","$358,000","$358,200","$357,300","$357,200","$357,000","$357,200","$359,100","$361,900","$365,400","$368,400","$370,100","$371,800","$374,500","$378,500","$383,900","$389,200","$393,600","$397,200","$399,200","$400,900","$402,500","$404,100","$406,600","$409,400","$411,300","$412,900","$414,000","$415,000","$416,600","$418,500","$420,000","$420,000","$421,000","$425,300","$431,200","$435,800","$439,400","$442,300","$445,600","$448,500","$449,300","$448,000","$448,800","$451,600","$453,900","$456,700","$459,700","$458,700","$456,800","$457,400","$459,900","$463,700","$468,200","$473,600","$480,700","$486,900","$490,400","$491,700","$495,000","$502,700","$509,500","$510,400","$511,300","$515,900","$518,400","$517,000","$515,800","$517,900","$522,200","$525,000","$525,800","$528,400","$534,700","$541,900","$548,900","$552,800","$557,400","$564,200","$573,700","$583,600","$594,600","$600,600","$604,300","$604,900","$605,900","$611,500","$617,100","$616,900","$618,800","$626,200","$629,900","$628,600","$625,600","$624,500","$626,400","$630,400","$631,900"
Broad Channel,neighborhood,All Homes,,,,,,,,,,,,,,,,,,,,,,,,,,,,,,,,,,,,,,,,,,,,,,,,,,,,,,,,,,,,,,,,,,,,,,"$316,200","$321,900","$329,000","$335,900","$338,300","$333,900","$322,900","$314,800","$312,300","$310,100","$308,200","$312,900","$323,300","$330,100","$335,600","$338,300","$341,700","$345,000","$348,800","$351,800","$356,500","$359,900","$362,300","$362,400","$359,900","$356,900","$355,300","$353,900","$354,200","$352,400","$349,900","$350,800","$354,200","$354,900","$355,400","$356,700","$357,300","$356,300","$356,600","$359,500","$360,500","$360,600","$365,300","$373,400","$378,400","$379,400","$382,100","$385,600","$386,700","$386,600","$387,400"
Cambria Heights,neighborhood,All Homes,"$358,900","$360,300","$362,300","$363,000","$362,900","$365,000","$368,400","$370,500","$372,400","$375,000","$374,500","$370,500","$368,100","$365,500","$361,800","$359,800","$361,100","$361,300","$361,100","$361,800","$361,700","$359,200","$359,500","$363,000","$363,700","$361,000","$358,500","$356,800","$354,400","$351,800","$349,100","$347,900","$348,600","$348,400","$347,600","$348,300","$349,400","$350,600","$352,400","$354,000","$355,000","$354,900","$355,300","$356,900","$356,900","$356,300","$357,400","$358,800","$359,400","$361,500","$364,000","$365,600","$367,500","$369,600","$370,500","$370,600","$372,700","$376,500","$379,200","$380,100","$381,700","$384,900","$387,600","$389,700","$391,700","$395,500","$400,100","$403,400","$405,300","$407,600","$409,600","$410,900","$411,200","$411,700","$413,100","$414,900","$416,000","$415,400","$413,800","$412,000","$410,700","$410,100","$410,700","$412,200","$415,000","$417,200","$418,500","$422,400","$428,800","$434,800","$439,600","$443,700","$446,900","$449,500","$450,700","$450,000","$449,100","$448,700","$449,400","$448,800","$444,600","$443,200","$447,000","$452,400","$455,400","$456,100","$455,500","$458,000","$462,200","$465,100","$465,900","$466,200","$466,300","$463,800","$459,200","$454,900","$454,500","$457,900","$462,100","$463,400"
College Point,neighborhood,All Homes,"$428,000","$427,500","$427,400","$427,700","$427,700","$429,400","$431,800","$432,900","$433,200","$435,200","$434,900","$430,800","$427,300","$425,200","$423,400","$421,100","$421,300","$421,500","$422,900","$425,500","$425,800","$422,700","$423,800","$431,200","$435,800","$435,200","$432,800","$432,200","$430,600","$428,700","$425,900","$424,700","$426,200","$428,900","$430,600","$431,100","$431,700","$433,600","$436,700","$437,700","$438,500","$439,400","$441,700","$445,500","$449,900","$452,800","$454,100","$456,200","$460,900","$467,500","$474,100","$480,300","$485,200","$488,900","$491,200","$492,600","$494,500","$497,400","$503,100","$509,000","$513,400","$516,600","$519,400","$521,600","$524,700","$529,900","$535,700","$539,200","$543,800","$551,300","$555,500","$555,600","$557,800","$562,600","$566,800","$572,000","$578,100","$581,800","$583,900","$589,200","$595,100","$598,400","$601,000","$603,700","$605,800","$610,100","$616,400","$621,600","$624,700","$627,400","$631,800","$637,000","$641,000","$646,500","$654,500","$661,600","$663,900","$663,400","$663,100","$669,000","$680,500","$694,600","$704,500","$709,000","$709,500","$710,100","$711,400","$715,800","$721,700","$724,500","$722,400","$721,400","$721,500","$718,100","$711,600","$705,700","$700,700","$696,200","$689,700","$683,000"
Corona,neighborhood,All Homes,"$324,400","$323,000","$324,600","$321,300","$319,200","$323,400","$328,900","$328,900","$330,500","$332,400","$331,700","$329,600","$331,300","$332,000","$330,600","$331,500","$332,800","$329,800","$325,500","$319,300","$312,500","$309,500","$311,000","$316,000","$320,400","$319,800","$315,900","$314,600","$315,500","$315,900","$316,400","$319,200","$322,000","$324,500","$324,100","$320,100","$315,400","$314,400","$315,200","$314,900","$310,600","$305,300","$302,900","$306,900","$315,200","$321,400","$322,500","$323,300","$325,900","$331,500","$339,800","$350,200","$359,600","$367,600","$371,900","$375,400","$379,200","$385,000","$391,800","$397,200","$401,200","$406,500","$411,300","$412,600","$413,800","$415,700","$417,700","$420,000","$420,200","$418,000","$417,100","$417,900","$418,200","$419,200","$419,600","$420,400","$424,400","$428,400","$430,000","$433,000","$440,100","$447,300","$455,500","$462,200","$464,700","$466,200","$470,500","$473,500","$471,900","$474,000","$483,200","$489,400","$487,300","$486,400","$489,400","$495,400","$503,000","$505,800","$504,900","$508,700","$518,400","$527,400","$533,800","$538,200","$537,900","$535,800","$536,200","$539,800","$542,100","$539,800","$535,300","$533,000","$534,000","$536,100","$536,300","$532,000","$526,900","$522,600","$520,400","$519,100"
Douglaston-Little Neck,neighborhood,All Homes,"$654,400","$652,400","$652,200","$652,200","$652,500","$648,600","$638,100","$629,100","$628,200","$630,000","$628,600","$624,900","$624,300","$621,600","$620,900","$625,400","$636,200","$646,200","$656,300","$666,300","$673,100","$673,800","$675,600","$683,000","$687,100","$685,700","$680,700","$677,800","$674,700","$672,200","$670,700","$671,000","$672,600","$675,000","$677,900","$683,300","$690,300","$696,700","$699,000","$696,900","$694,400","$695,600","$700,400","$706,800","$709,800","$708,400","$706,400","$707,100","$711,100","$719,600","$728,800","$735,000","$737,000","$739,700","$744,200","$747,000","$748,300","$753,200","$761,200","$766,400","$766,900","$766,300","$770,300","$777,400","$785,900","$795,300","$801,600","$806,000","$814,600","$825,700","$833,300","$836,900","$837,900","$839,000","$839,800","$839,800","$839,900","$838,400","$835,400","$831,800","$827,500","$825,400","$828,500","$830,900","$833,100","$839,200","$848,500","$856,600","$863,000","$870,500","$879,400","$888,300","$895,100","$904,100","$915,300","$926,400","$933,500","$936,100","$938,000","$941,000","$938,400","$933,500","$935,900","$942,400","$946,100","$947,400","$946,000","$943,400","$943,000","$942,700","$938,900","$936,200","$939,100","$941,800","$940,500","$935,300","$929,300","$923,300","$915,000","$906,200"
East Elmhurst,neighborhood,All Homes,"$443,300","$443,400","$444,300","$444,800","$445,600","$442,000","$434,500","$429,800","$431,100","$433,000","$431,100","$426,100","$424,400","$422,000","$418,500","$417,700","$420,700","$421,300","$422,100","$423,700","$423,500","$421,200","$423,100","$428,300","$429,500","$426,700","$423,400","$421,400","$418,300","$416,700","$415,300","$411,600","$406,500","$403,500","$401,900","$404,100","$408,800","$412,800","$416,200","$417,800","$419,400","$424,500","$431,700","$440,200","$450,300","$456,800","$459,600","$461,800","$464,500","$469,400","$475,800","$480,200","$484,000","$488,000","$491,100","$493,300","$497,100","$502,900","$508,800","$513,300","$517,200","$522,200","$527,800","$532,700","$535,000","$539,100","$543,600","$548,200","$553,100","$562,000","$568,700","$569,400","$566,700","$567,100","$569,200","$571,700","$574,200","$575,100","$577,700","$582,400","$583,500","$582,300","$585,500","$592,000","$599,700","$607,900","$614,900","$620,500","$624,900","$629,900","$635,500","$640,300","$643,300","$648,000","$654,200","$660,300","$664,600","$665,600","$666,000","$671,700","$681,700","$689,600","$696,300","$703,000","$708,400","$711,700","$713,500","$716,200","$720,400","$723,900","$726,200","$729,800","$733,700","$734,000","$732,400","$730,800","$729,500","$726,900","$723,700","$719,700"
Elmhurst,neighborhood,All Homes,"$374,500","$376,500","$379,000","$380,400","$380,900","$377,900","$371,900","$367,600","$368,600","$370,900","$370,500","$367,500","$365,100","$361,700","$358,400","$358,400","$362,200","$365,000","$365,700","$368,100","$368,400","$363,900","$360,200","$361,300","$361,400","$359,500","$355,900","$354,300","$355,700","$357,700","$356,600","$355,000","$355,100","$355,200","$355,300","$356,500","$357,600","$359,800","$363,400","$365,300","$364,100","$363,300","$366,000","$369,700","$372,400","$374,400","$377,000","$380,900","$385,100","$387,800","$389,500","$390,800","$391,000","$392,500","$396,000","$398,800","$400,500","$404,900","$410,100","$413,500","$417,400","$424,300","$431,800","$437,300","$440,600","$442,800","$445,000","$447,600","$450,100","$452,800","$453,800","$453,400","$452,900","$452,200","$452,300","$455,800","$459,800","$462,000","$465,500","$470,100","$473,600","$476,000","$482,100","$490,200","$498,700","$506,500","$514,100","$519,400","$520,800","$522,200","$526,200","$526,700","$523,400","$523,700","$525,400","$524,400","$524,500","$525,300","$527,800","$532,100","$538,100","$543,900","$548,600","$551,900","$558,500","$567,500","$571,800","$571,100","$568,100","$566,900","$562,100","$553,800","$551,400","$556,100","$557,600","$557,800","$558,600","$557,900","$558,600","$560,600"
Far Rockaway,neighborhood,All Homes,"$359,700","$361,400","$362,100","$356,000","$353,800","$355,900","$353,700","$349,900","$354,200","$356,400","$357,100","$359,500","$363,100","$363,200","$363,700","$366,200","$371,200","$374,100","$375,400","$375,600","$372,800","$369,000","$367,100","$364,500","$357,900","$349,700","$340,000","$333,700","$331,400","$332,100","$333,900","$338,000","$344,000","$349,100","$350,300","$349,900","$349,700","$351,800","$357,000","$361,300","$360,200","$358,800","$359,500","$359,200","$356,200","$353,900","$346,900","$335,000","$324,300","$316,900","$309,700","$307,600","$306,200","$300,500","$294,700","$293,000","$290,500","$289,000","$295,500","$309,600","$326,900","$342,400","$353,300","$357,500","$360,100","$364,600","$368,600","$369,400","$370,800","$373,900","$372,200","$366,100","$360,200","$358,000","$360,200","$366,400","$371,800","$374,400","$375,100","$377,100","$379,000","$379,400","$381,000","$383,700","$386,800","$392,400","$397,600","$396,300","$389,900","$387,500","$391,300","$396,300","$399,900","$404,500","$409,100","$413,200","$416,000","$413,700","$407,900","$408,200","$415,300","$423,400","$428,900","$432,200","$435,600","$440,600","$446,200","$451,900","$457,500","$462,100","$469,600","$477,200","$482,600","$484,100","$484,900","$485,300","$485,600","$485,100","$486,800","$489,200"
Floral park,neighborhood,All Homes,"$467,000","$469,800","$474,000","$475,600","$474,300","$475,400","$477,400","$477,500","$478,900","$481,600","$480,800","$477,100","$474,200","$470,200","$467,300","$468,500","$473,800","$476,600","$477,400","$477,500","$476,100","$473,000","$472,500","$475,000","$475,300","$472,100","$466,200","$460,500","$455,100","$450,300","$448,000","$449,100","$451,700","$453,700","$454,500","$456,100","$457,600","$457,700","$457,800","$460,600","$465,800","$471,800","$475,800","$479,000","$480,600","$481,900","$485,200","$490,400","$494,800","$499,400","$505,300","$511,000","$514,500","$515,900","$517,600","$519,100","$521,200","$525,400","$527,500","$523,400","$522,200","$529,000","$536,500","$540,100","$542,900","$546,100","$549,000","$552,400","$556,900","$561,000","$564,400","$568,500","$571,900","$574,300","$575,200","$573,700","$571,500","$570,400","$570,100","$570,400","$570,600","$570,000","$571,600","$574,200","$576,500","$580,400","$586,500","$591,400","$593,300","$595,200","$598,800","$602,400","$603,800","$605,600","$608,200","$612,100","$615,100","$614,000","$609,800","$609,800","$614,000","$619,900","$625,600","$631,000","$634,300","$635,100","$634,900","$638,500","$644,000","$647,900","$650,200","$651,500","$652,100","$651,100","$649,000","$646,300","$645,800","$648,800","$652,500","$652,600"
Flushing,neighborhood,All Homes,"$430,200","$430,600","$431,900","$432,800","$434,200","$428,500","$417,600","$408,400","$405,900","$405,100","$403,600","$399,500","$398,000","$396,700","$396,400","$398,400","$403,800","$411,000","$421,300","$432,300","$442,300","$449,500","$455,400","$463,700","$470,500","$472,000","$470,000","$469,000","$467,500","$466,200","$463,700","$462,300","$459,800","$455,600","$451,400","$448,300","$445,300","$446,400","$451,600","$456,200","$457,900","$460,400","$466,500","$473,700","$479,100","$481,900","$484,400","$487,200","$491,000","$497,600","$501,900","$502,300","$504,000","$507,800","$510,900","$512,500","$512,700","$517,100","$525,200","$532,600","$536,200","$536,500","$535,100","$534,300","$534,600","$538,500","$543,000","$544,700","$547,000","$551,900","$556,000","$558,900","$563,600","$570,100","$578,000","$587,100","$593,700","$598,800","$601,400","$603,600","$609,500","$617,500","$624,600","$632,300","$639,400","$642,200","$640,800","$639,800","$641,500","$644,300","$647,400","$651,800","$653,900","$655,100","$655,100","$655,600","$657,700","$660,200","$663,000","$669,600","$678,500","$686,000","$693,800","$702,100","$710,600","$715,200","$716,200","$718,500","$724,000","$729,200","$733,700","$737,300","$740,900","$741,100","$738,800","$736,600","$732,100","$725,900","$725,100","$725,500"
Forest Hills,neighborhood,All Homes,"$597,300","$600,300","$603,000","$605,000","$606,600","$603,700","$594,200","$585,600","$583,800","$585,200","$583,700","$578,000","$574,000","$571,500","$569,300","$566,700","$569,900","$576,400","$583,000","$586,600","$588,700","$589,900","$594,300","$601,900","$607,000","$607,400","$605,300","$602,700","$597,800","$592,300","$589,900","$592,800","$596,800","$596,000","$592,900","$593,200","$593,100","$591,500","$593,300","$597,700","$601,900","$607,600","$616,400","$625,300","$631,200","$634,100","$637,600","$642,000","$646,100","$652,200","$661,200","$671,400","$680,500","$688,200","$694,500","$698,900","$702,400","$707,900","$715,400","$720,500","$725,000","$730,800","$737,800","$745,000","$751,200","$755,600","$758,600","$761,500","$766,600","$775,300","$781,700","$784,500","$785,800","$785,100","$781,000","$777,800","$778,600","$781,400","$783,200","$787,000","$792,300","$795,300","$799,400","$807,400","$817,500","$830,600","$844,500","$852,900","$854,200","$853,800","$859,500","$865,000","$867,200","$872,600","$877,700","$879,100","$884,100","$889,200","$891,000","$895,500","$898,600","$898,800","$899,300","$903,300","$905,900","$906,500","$905,600","$907,800","$914,900","$922,400","$920,900","$916,200","$917,700","$928,600","$937,200","$936,400","$929,900","$930,600","$936,000","$938,900"
Fresh Meadows,neighborhood,All Homes,"$591,100","$595,200","$599,300","$603,300","$604,500","$608,100","$613,300","$616,000","$617,600","$622,800","$623,900","$618,800","$616,500","$614,600","$612,500","$611,700","$614,400","$613,800","$614,000","$616,800","$618,200","$614,700","$613,800","$617,600","$617,600","$613,000","$608,000","$604,600","$601,800","$598,700","$591,100","$581,900","$576,700","$574,200","$570,500","$568,700","$569,600","$572,300","$575,700","$579,000","$581,400","$584,500","$590,900","$599,100","$605,200","$610,000","$617,800","$627,100","$634,100","$640,300","$646,800","$652,800","$659,100","$665,100","$668,900","$672,600","$679,000","$686,700","$695,200","$701,500","$705,600","$711,000","$718,500","$724,400","$729,500","$734,500","$739,200","$745,400","$752,700","$758,900","$760,500","$760,000","$762,000","$765,600","$767,500","$768,700","$771,000","$774,100","$779,400","$783,300","$785,000","$785,700","$790,500","$795,800","$799,700","$804,700","$810,900","$814,000","$813,900","$816,100","$822,000","$829,200","$833,100","$839,900","$847,600","$855,200","$863,100","$868,500","$869,100","$874,800","$883,000","$890,100","$895,400","$900,800","$906,600","$909,700","$909,100","$911,800","$917,900","$921,100","$921,000","$921,100","$924,600","$928,500","$928,600","$924,200","$918,400","$914,700","$912,400","$908,100"
Glen Oaks,neighborhood,All Homes,"$454,600","$458,700","$464,200","$466,700","$467,100","$469,000","$470,500","$471,100","$474,500","$478,600","$478,300","$474,000","$472,400","$473,000","$476,700","$482,300","$487,300","$487,500","$488,200","$488,600","$486,000","$480,100","$478,200","$482,500","$484,900","$478,300","$464,900","$454,200","$448,800","$446,800","$446,100","$447,400","$450,300","$453,300","$454,600","$456,000","$457,300","$457,000","$455,400","$455,600","$458,800","$461,600","$461,900","$463,700","$466,600","$468,900","$472,700","$478,100","$484,100","$494,600","$508,500","$520,200","$526,000","$528,700","$531,200","$533,000","$535,100","$540,300","$546,100","$548,600","$548,500","$547,300","$544,800","$540,000","$535,700","$537,100","$544,400","$552,200","$557,100","$558,600","$558,300","$559,300","$561,800","$564,900","$566,600","$566,800","$566,800","$568,200","$570,700","$574,400","$575,900","$578,400","$584,500","$589,500","$592,300","$596,700","$604,200","$613,100","$623,000","$629,300","$626,900","$617,700","$610,900","$609,600","$610,500","$611,100","$611,500","$611,900","$612,200","$612,900","$613,400","$615,400","$620,500","$625,900","$628,700","$629,400","$628,500","$628,400","$629,700","$631,900","$635,600","$641,600","$646,400","$646,800","$644,400","$644,700","$649,000","$653,900","$655,200","$652,700"
Glendale,neighborhood,All Homes,"$426,200","$427,800","$430,100","$431,800","$432,000","$433,300","$434,400","$435,900","$438,200","$440,800","$437,900","$430,500","$425,800","$423,600","$422,800","$423,300","$424,200","$420,200","$415,100","$411,900","$408,600","$404,000","$403,200","$408,100","$411,800","$408,100","$399,900","$394,100","$393,400","$395,700","$397,400","$398,200","$401,700","$405,300","$406,600","$406,600","$406,700","$408,800","$412,200","$413,100","$412,100","$413,400","$418,400","$423,800","$425,300","$424,700","$425,200","$426,900","$429,700","$433,900","$438,000","$443,100","$448,100","$452,400","$456,200","$458,800","$461,200","$466,700","$474,600","$479,500","$480,000","$479,800","$480,500","$481,300","$482,200","$482,600","$480,600","$479,800","$482,600","$488,600","$494,800","$499,600","$503,800","$509,400","$514,000","$518,100","$522,500","$526,900","$530,700","$534,400","$537,400","$538,700","$541,500","$546,400","$553,600","$564,200","$577,100","$586,500","$590,400","$594,400","$600,200","$606,900","$611,400","$614,100","$615,200","$617,600","$619,800","$620,600","$623,000","$628,800","$634,000","$638,900","$645,400","$652,100","$656,400","$658,400","$658,200","$658,800","$661,900","$664,100","$663,100","$663,600","$667,700","$668,600","$664,700","$659,400","$655,600","$652,800","$651,200","$649,500"
Hillcrest,neighborhood,All Homes,"$481,000","$482,100","$483,900","$482,800","$482,100","$483,000","$481,600","$477,600","$479,000","$482,500","$483,800","$482,700","$482,700","$481,800","$482,900","$486,300","$490,900","$493,400","$497,900","$503,500","$504,700","$500,700","$498,300","$499,200","$497,800","$493,800","$487,100","$480,200","$474,500","$471,700","$469,400","$468,300","$468,900","$471,100","$472,800","$474,300","$475,600","$478,100","$481,000","$484,400","$487,500","$491,400","$494,400","$497,600","$502,700","$509,100","$513,700","$517,100","$521,600","$527,600","$532,200","$535,800","$540,000","$543,500","$547,200","$550,800","$552,900","$554,800","$558,000","$560,100","$562,800","$568,300","$576,400","$585,200","$592,300","$598,100","$603,400","$609,500","$616,800","$625,300","$633,500","$641,000","$647,500","$653,000","$658,500","$664,000","$668,100","$671,000","$673,900","$676,100","$678,400","$680,500","$682,000","$684,600","$688,200","$691,400","$696,200","$703,000","$708,400","$713,900","$721,200","$726,700","$727,200","$731,400","$741,600","$751,500","$758,200","$762,300","$763,100","$763,500","$765,800","$769,900","$776,300","$784,300","$789,400","$788,900","$787,000","$789,200","$794,800","$798,500","$799,000","$800,300","$804,200","$804,600","$800,300","$797,600","$797,700","$796,900","$794,000","$790,000"
Hollis,neighborhood,All Homes,"$364,100","$365,100","$366,400","$367,200","$367,600","$366,600","$364,300","$363,000","$363,700","$363,900","$361,200","$355,800","$351,600","$347,800","$344,900","$343,100","$343,100","$342,500","$342,600","$343,500","$342,900","$340,600","$340,300","$344,300","$348,200","$348,800","$347,200","$345,700","$344,000","$342,300","$341,000","$341,800","$344,500","$347,200","$349,500","$351,700","$352,900","$354,100","$356,100","$357,600","$359,400","$362,100","$365,400","$366,900","$366,900","$367,000","$368,000","$368,400","$367,800","$368,400","$370,500","$373,200","$376,300","$379,300","$381,500","$382,800","$383,900","$386,200","$389,400","$391,700","$392,700","$393,500","$394,100","$394,600","$393,400","$392,400","$391,800","$393,000","$395,400","$397,900","$398,600","$399,400","$401,000","$403,300","$406,300","$408,500","$410,400","$413,600","$416,100","$416,400","$417,200","$419,900","$423,600","$426,300","$429,700","$435,200","$441,000","$445,300","$448,300","$451,300","$456,200","$459,900","$460,100","$459,000","$459,000","$459,800","$460,200","$457,500","$452,800","$450,800","$452,000","$454,600","$457,600","$462,300","$467,300","$471,700","$474,300","$478,100","$486,100","$496,100","$503,500","$508,700","$513,000","$514,500","$513,800","$514,300","$517,700","$520,000","$520,100","$519,000"
Holliswood,neighborhood,All Homes,"$761,300","$762,400","$763,000","$762,900","$763,300","$757,000","$743,500","$733,600","$731,200","$726,100","$716,800","$705,400","$699,200","$694,900","$694,700","$694,900","$698,600","$703,700","$712,900","$720,100","$724,800","$726,000","$727,200","$728,700","$727,100","$724,500","$720,100","$714,700","$707,300","$702,800","$699,800","$697,300","$693,600","$690,100","$688,600","$690,300","$692,600","$696,000","$702,600","$712,900","$723,100","$730,600","$734,100","$738,200","$743,300","$749,600","$760,600","$775,500","$786,500","$788,100","$782,600","$778,800","$779,600","$781,500","$784,400","$788,100","$792,500","$799,700","$808,000","$815,900","$824,500","$833,600","$843,100","$849,600","$852,400","$854,900","$857,100","$858,800","$863,300","$871,500","$877,100","$879,300","$882,200","$886,600","$889,900","$893,500","$898,100","$905,700","$915,100","$921,900","$924,500","$923,900","$921,600","$918,600","$916,200","$915,400","$916,700","$918,300","$918,400","$918,000","$922,500","$926,600","$925,200","$922,000","$921,600","$922,900","$924,500","$928,600","$932,500","$939,800","$949,900","$962,200","$974,500","$989,300","$999,700","$1,003,400","$1,000,000","$997,600","$1,000,600","$1,009,100","$1,015,800","$1,017,200","$1,014,500","$1,010,300","$1,001,500","$994,500","$992,300","$994,500","$999,100","$1,001,100"
Howard Beach,neighborhood,All Homes,"$526,200","$525,400","$524,300","$526,100","$527,300","$528,800","$530,100","$530,400","$530,800","$536,800","$540,600","$537,800","$536,500","$535,400","$533,800","$534,400","$539,000","$539,200","$537,200","$537,600","$537,600","$534,200","$535,300","$543,500","$547,600","$545,400","$544,100","$541,200","$531,000","$518,900","$511,500","$509,800","$507,500","$502,100","$494,300","$486,000","$481,700","$484,300","$488,200","$490,700","$494,200","$500,500","$510,100","$519,800","$525,000","$524,200","$521,700","$522,000","$521,700","$519,300","$515,600","$512,100","$511,400","$513,600","$513,800","$509,700","$509,000","$513,900","$519,700","$522,700","$524,000","$525,100","$528,300","$531,200","$531,500","$532,500","$534,700","$536,800","$540,300","$544,400","$547,200","$546,900","$547,400","$547,900","$547,000","$546,900","$551,000","$555,400","$558,300","$560,300","$561,300","$563,600","$570,600","$578,300","$584,700","$594,000","$605,100","$613,900","$620,700","$625,400","$629,600","$632,700","$633,700","$633,300","$633,200","$635,100","$638,700","$638,600","$635,500","$635,000","$637,200","$640,200","$640,800","$643,200","$649,500","$656,600","$660,000","$665,000","$671,100","$677,200","$680,900","$684,300","$689,200","$693,900","$695,400","$695,100","$695,100","$695,400","$695,600","$695,400"
Hunters Point,neighborhood,All Homes,"$639,700","$641,500","$644,200","$645,900","$649,200","$636,600","$609,600","$591,400","$589,600","$589,000","$585,200","$578,500","$573,900","$569,300","$565,300","$564,700","$567,300","$574,800","$586,800","$596,300","$603,400","$609,900","$617,700","$629,200","$636,000","$634,800","$632,100","$631,000","$629,400","$630,200","$631,500","$632,000","$631,600","$629,900","$629,500","$632,000","$636,700","$641,500","$647,100","$653,000","$661,900","$671,600","$682,000","$692,400","$702,500","$713,500","$727,900","$744,900","$759,400","$771,200","$783,200","$794,500","$803,600","$812,000","$816,700","$817,500","$821,000","$832,800","$843,600","$850,500","$861,100","$880,200","$898,500","$912,300","$920,300","$931,600","$951,900","$973,600","$988,700","$1,003,800","$1,019,000","$1,029,200","$1,037,400","$1,043,200","$1,046,100","$1,061,000","$1,086,300","$1,103,800","$1,120,500","$1,142,700","$1,155,100","$1,156,300","$1,161,500","$1,168,600","$1,174,200","$1,181,700","$1,189,000","$1,187,200","$1,175,400","$1,169,800","$1,168,200","$1,164,600","$1,157,400","$1,153,200","$1,151,300","$1,154,300","$1,160,200","$1,165,200","$1,170,700","$1,176,600","$1,178,200","$1,177,500","$1,179,100","$1,185,400","$1,193,400","$1,195,700","$1,191,000","$1,183,900","$1,175,200","$1,172,800","$1,174,800","$1,170,100","$1,166,200","$1,177,200","$1,190,800","$1,193,800","$1,189,400","$1,182,200","$1,167,600","$1,153,200"
Jackson Heights,neighborhood,All Homes,"$380,800","$381,500","$381,900","$375,500","$372,000","$368,900","$363,700","$360,600","$366,700","$369,000","$367,700","$361,200","$353,100","$347,600","$347,500","$351,600","$353,500","$351,700","$350,200","$348,600","$342,200","$335,900","$338,900","$347,000","$352,900","$355,300","$353,400","$348,600","$345,700","$343,700","$340,900","$339,600","$340,800","$343,900","$344,600","$346,400","$345,600","$341,300","$338,100","$336,400","$332,300","$331,700","$335,700","$339,700","$342,300","$344,200","$342,800","$340,200","$341,300","$345,700","$350,000","$354,100","$358,500","$362,800","$363,800","$362,900","$364,900","$370,200","$374,000","$375,300","$378,900","$383,500","$385,100","$386,600","$391,100","$394,100","$396,100","$399,900","$401,400","$399,000","$397,600","$397,300","$400,200","$406,500","$412,500","$418,200","$425,200","$432,700","$443,800","$455,200","$460,300","$463,300","$469,300","$478,200","$485,800","$491,800","$498,500","$506,800","$511,000","$513,700","$516,500","$514,700","$509,100","$508,900","$513,200","$517,500","$519,000","$521,300","$525,100","$531,300","$533,800","$537,100","$543,300","$553,200","$563,600","$572,700","$573,900","$569,700","$566,100","$563,900","$561,300","$559,100","$562,200","$563,600","$557,100","$550,500","$551,200","$553,500","$555,800","$558,400"
Jamaica,neighborhood,All Homes,"$327,200","$325,400","$324,800","$321,200","$319,200","$318,400","$315,500","$311,000","$310,700","$310,100","$307,700","$304,400","$302,500","$299,700","$296,500","$295,000","$294,900","$293,400","$292,700","$294,100","$294,200","$292,300","$291,500","$292,600","$291,700","$290,000","$289,500","$290,700","$291,300","$291,400","$291,000","$290,400","$290,800","$292,200","$293,000","$293,600","$294,400","$295,200","$295,100","$293,600","$292,900","$294,100","$295,100","$296,200","$297,800","$300,000","$302,000","$304,700","$307,700","$312,400","$317,400","$322,400","$326,100","$329,700","$333,400","$335,700","$335,900","$336,900","$339,300","$341,100","$341,400","$338,600","$335,900","$334,600","$333,800","$332,700","$333,600","$336,300","$340,700","$345,400","$349,600","$352,500","$355,800","$359,800","$363,200","$366,700","$369,200","$371,300","$374,200","$377,900","$380,400","$382,200","$384,100","$385,500","$387,400","$390,100","$393,100","$394,800","$394,400","$393,500","$394,000","$394,900","$393,100","$391,100","$389,900","$389,400","$391,900","$397,500","$403,000","$408,400","$414,400","$419,900","$424,400","$430,300","$437,800","$443,900","$446,000","$448,400","$451,700","$454,000","$456,100","$459,400","$462,600","$464,500","$463,600","$459,500","$454,800","$453,300","$456,500","$459,800"
Jamaica Estates,neighborhood,All Homes,"$819,200","$822,400","$817,000","$812,400","$819,000","$805,900","$768,000","$743,800","$740,400","$737,600","$731,300","$721,800","$716,300","$710,800","$711,600","$716,900","$723,300","$733,600","$750,900","$759,600","$757,600","$751,500","$753,500","$762,300","$762,700","$753,300","$742,400","$731,700","$722,600","$722,200","$723,000","$721,600","$720,900","$724,700","$728,000","$731,800","$736,800","$746,100","$756,100","$764,700","$772,800","$778,700","$785,100","$795,000","$805,800","$813,300","$819,900","$824,400","$827,400","$832,300","$836,900","$839,500","$842,800","$849,600","$856,200","$860,400","$866,600","$871,700","$873,000","$873,400","$879,600","$886,500","$894,100","$898,600","$901,500","$902,000","$903,500","$906,800","$910,200","$915,500","$921,500","$928,300","$933,900","$938,400","$941,200","$948,400","$952,600","$956,500","$963,200","$969,900","$974,100","$980,100","$986,400","$990,000","$989,400","$989,300","$995,400","$1,002,600","$1,001,800","$998,600","$1,003,000","$1,012,700","$1,020,000","$1,028,400","$1,035,300","$1,042,000","$1,051,000","$1,063,600","$1,070,300","$1,073,400","$1,073,800","$1,080,100","$1,088,100","$1,095,700","$1,100,800","$1,105,400","$1,107,100","$1,110,500","$1,120,200","$1,132,100","$1,142,300","$1,150,800","$1,161,000","$1,170,500","$1,184,500","$1,194,600","$1,194,400","$1,190,200","$1,193,500","$1,197,700"
Jamaica Hills,neighborhood,All Homes,"$471,400","$471,500","$472,800","$473,200","$472,800","$468,800","$462,600","$461,500","$468,500","$473,100","$470,000","$463,400","$459,800","$455,800","$452,600","$451,600","$453,700","$454,100","$454,000","$452,200","$447,300","$440,400","$436,800","$438,800","$438,800","$432,800","$425,000","$419,900","$418,200","$421,300","$425,200","$426,600","$427,800","$431,100","$435,700","$441,700","$448,000","$454,200","$459,900","$465,900","$470,000","$472,800","$475,700","$480,000","$484,300","$487,700","$491,200","$494,500","$498,500","$505,700","$512,800","$516,600","$519,300","$523,200","$527,600","$531,300","$533,500","$536,300","$539,500","$542,000","$543,900","$546,800","$550,600","$554,300","$556,400","$559,600","$564,400","$570,200","$574,600","$578,800","$583,200","$588,500","$594,400","$597,600","$597,600","$597,600","$598,400","$597,200","$597,900","$602,000","$608,400","$616,000","$620,700","$619,800","$623,200","$636,200","$650,800","$660,000","$664,600","$668,500","$672,300","$674,900","$675,800","$678,700","$681,900","$684,000","$682,600","$678,300","$676,800","$684,300","$695,600","$705,900","$715,100","$724,200","$731,600","$738,500","$745,200","$750,100","$751,700","$753,200","$756,300","$759,600","$764,600","$765,600","$760,000","$752,300","$747,700","$743,600","$745,400","$750,100"
Kew Gardens,neighborhood,All Homes,"$434,600","$433,900","$429,900","$427,100","$430,800","$427,600","$413,000","$404,200","$407,100","$411,800","$412,500","$408,900","$406,400","$402,100","$398,700","$397,300","$396,300","$394,100","$395,600","$399,700","$401,800","$399,500","$399,400","$403,700","$405,400","$403,300","$402,500","$403,800","$405,300","$407,700","$408,900","$409,800","$410,800","$411,300","$412,000","$414,900","$417,400","$420,200","$422,100","$420,200","$416,500","$417,000","$423,300","$429,500","$432,000","$434,100","$437,200","$440,800","$445,500","$450,500","$453,100","$455,200","$459,900","$467,500","$474,100","$476,600","$478,500","$483,600","$488,800","$490,200","$488,100","$485,500","$485,700","$487,100","$487,100","$487,500","$486,400","$484,500","$482,500","$480,000","$474,300","$472,100","$480,000","$495,000","$507,900","$517,800","$523,500","$523,800","$520,000","$517,000","$515,600","$516,800","$519,500","$520,100","$518,900","$519,700","$522,000","$523,600","$522,700","$522,700","$528,400","$535,600","$540,500","$547,300","$558,600","$570,000","$576,600","$579,500","$582,300","$586,800","$593,800","$601,000","$611,000","$624,300","$635,000","$637,500","$637,400","$638,300","$639,400","$639,100","$640,900","$644,400","$647,800","$653,200","$658,800","$657,700","$652,700","$650,400","$649,400","$646,700"
Kew Gardens Hills,neighborhood,All Homes,"$472,900","$473,800","$475,300","$474,700","$473,900","$476,300","$478,800","$478,500","$479,400","$482,600","$484,000","$483,100","$483,600","$483,200","$482,100","$482,500","$486,000","$488,700","$492,100","$495,400","$495,100","$491,500","$491,700","$496,900","$499,600","$499,300","$498,000","$496,700","$494,600","$493,000","$490,400","$488,700","$490,200","$493,200","$495,400","$495,800","$494,300","$494,000","$496,400","$500,100","$503,300","$504,900","$506,900","$511,300","$516,700","$521,100","$523,800","$525,400","$529,800","$535,600","$540,800","$545,200","$548,300","$550,800","$554,000","$556,900","$558,800","$562,100","$567,300","$572,500","$576,800","$581,400","$586,000","$591,400","$598,300","$605,400","$611,800","$619,300","$627,600","$634,900","$639,600","$643,500","$648,300","$654,100","$660,500","$667,600","$673,400","$677,900","$682,000","$686,200","$690,400","$694,100","$697,300","$700,800","$704,500","$708,900","$713,600","$717,900","$720,900","$724,500","$729,100","$733,500","$735,500","$739,800","$748,000","$756,800","$765,600","$773,500","$778,500","$781,400","$784,300","$788,100","$793,100","$800,700","$808,900","$814,200","$813,800","$813,000","$814,000","$814,600","$813,100","$813,700","$817,100","$818,300","$814,900","$808,200","$799,700","$793,000","$791,600","$792,300"
Laurelton,neighborhood,All Homes,"$362,100","$363,000","$364,900","$366,200","$366,200","$367,200","$368,200","$368,100","$368,600","$370,400","$368,000","$362,100","$358,200","$354,400","$350,100","$347,800","$348,100","$347,300","$347,100","$348,500","$348,300","$346,600","$347,500","$351,600","$352,400","$349,600","$347,500","$348,000","$348,900","$350,100","$350,300","$349,300","$349,400","$349,800","$350,100","$351,900","$354,900","$356,500","$356,100","$354,900","$355,100","$355,500","$356,100","$358,000","$360,000","$359,700","$359,700","$360,400","$361,000","$363,500","$367,900","$371,200","$373,400","$375,600","$377,100","$377,300","$378,000","$381,300","$385,700","$388,600","$391,100","$394,500","$397,200","$399,000","$399,600","$400,000","$400,900","$403,800","$407,200","$410,000","$412,000","$413,600","$414,600","$415,800","$416,900","$417,700","$418,500","$418,900","$419,200","$418,500","$417,200","$416,800","$417,300","$417,000","$417,800","$419,900","$422,500","$424,300","$426,400","$431,500","$437,600","$441,000","$442,500","$443,600","$444,200","$444,700","$445,600","$447,100","$448,500","$448,800","$447,300","$446,700","$449,400","$454,200","$457,000","$457,300","$458,200","$461,800","$466,400","$468,800","$470,300","$473,000","$476,000","$474,700","$470,300","$469,300","$473,500","$478,600","$480,900","$480,300"
Malba,neighborhood,All Homes,"$868,100","$876,500","$883,700","$888,900","$891,900","$895,900","$898,800","$896,600","$895,100","$898,300","$894,500","$879,900","$870,100","$858,400","$846,300","$839,500","$843,500","$846,700","$853,100","$862,300","$865,400","$859,000","$859,600","$873,700","$885,800","$892,300","$894,400","$895,400","$896,400","$899,200","$899,600","$900,900","$909,500","$920,900","$929,700","$937,100","$945,200","$955,400","$962,000","$959,300","$954,600","$958,300","$964,800","$969,300","$975,700","$980,200","$985,200","$993,900","$996,600","$995,600","$1,008,300","$1,029,600","$1,036,200","$1,028,800","$1,021,500","$1,023,800","$1,026,100","$1,031,200","$1,037,000","$1,039,500","$1,038,200","$1,044,600","$1,055,500","$1,065,800","$1,075,900","$1,090,200","$1,105,000","$1,117,600","$1,130,700","$1,145,700","$1,156,900","$1,162,400","$1,170,300","$1,178,700","$1,180,200","$1,183,400","$1,196,800","$1,212,000","$1,222,600","$1,221,600","$1,214,500","$1,215,000","$1,224,400","$1,227,200","$1,229,300","$1,239,700","$1,256,500","$1,271,800","$1,278,100","$1,277,500","$1,281,700","$1,293,100","$1,302,300","$1,306,600","$1,312,500","$1,325,600","$1,341,300","$1,348,200","$1,350,200","$1,354,700","$1,361,400","$1,366,400","$1,373,600","$1,388,200","$1,403,200","$1,411,800","$1,417,200","$1,426,400","$1,433,700","$1,434,400","$1,426,000","$1,421,200","$1,427,400","$1,437,300","$1,439,200","$1,430,200","$1,420,500","$1,409,100","$1,386,900","$1,363,000"
Maspeth,neighborhood,All Homes,"$460,000","$460,700","$462,300","$460,100","$458,200","$458,800","$458,000","$454,500","$454,500","$455,500","$453,100","$447,800","$444,300","$440,400","$438,300","$440,800","$444,800","$445,100","$446,500","$449,600","$449,800","$447,700","$448,100","$452,100","$455,100","$454,700","$449,800","$445,700","$443,800","$442,200","$439,800","$439,000","$438,500","$438,400","$440,100","$443,000","$444,800","$446,600","$450,100","$454,200","$456,300","$457,900","$461,000","$466,200","$471,400","$475,100","$478,500","$482,900","$487,400","$492,200","$497,500","$501,300","$504,500","$507,800","$510,200","$511,500","$513,500","$517,600","$523,300","$528,600","$534,600","$542,000","$547,400","$550,600","$555,500","$563,200","$569,700","$574,000","$579,400","$586,200","$589,900","$591,000","$591,600","$591,500","$592,600","$595,700","$597,400","$599,100","$603,800","$610,200","$616,100","$620,600","$622,400","$623,700","$626,200","$631,600","$638,400","$644,500","$649,400","$654,400","$657,400","$659,200","$661,400","$665,300","$669,400","$673,900","$677,800","$679,000","$679,900","$683,300","$686,000","$688,500","$692,900","$698,300","$700,000","$699,700","$700,100","$701,900","$704,200","$709,100","$713,700","$716,700","$720,400","$721,900","$720,600","$717,500","$715,200","$715,200","$717,700","$718,100"
Middle Village,neighborhood,All Homes,"$481,000","$483,500","$486,700","$488,100","$488,400","$490,000","$490,800","$490,000","$491,100","$493,900","$492,700","$486,900","$482,500","$478,500","$475,100","$474,700","$477,000","$476,000","$474,600","$475,600","$474,300","$469,600","$469,100","$475,400","$480,000","$479,900","$476,300","$470,900","$466,300","$465,300","$465,800","$465,800","$467,100","$469,400","$471,800","$475,000","$478,700","$482,500","$487,500","$494,000","$499,100","$502,900","$507,100","$512,200","$517,400","$521,500","$524,600","$527,300","$529,800","$532,100","$534,900","$538,400","$542,600","$546,600","$549,600","$552,100","$555,600","$561,100","$567,400","$571,800","$575,400","$581,300","$588,700","$594,400","$598,500","$602,500","$605,800","$607,600","$610,000","$614,600","$617,100","$616,100","$614,200","$613,300","$612,800","$614,500","$617,800","$620,000","$622,500","$627,300","$632,200","$636,800","$642,600","$649,300","$657,600","$666,600","$673,700","$679,600","$686,100","$693,800","$701,700","$708,100","$710,300","$710,400","$712,600","$717,500","$721,600","$723,800","$725,800","$727,600","$727,100","$724,500","$722,400","$722,200","$721,300","$720,000","$718,800","$718,400","$719,000","$722,800","$725,700","$725,500","$725,300","$728,700","$732,500","$734,800","$738,200","$742,800","$745,200","$744,200"
Murray Hill,neighborhood,All Homes,"$574,900","$578,600","$582,900","$586,100","$587,600","$589,000","$589,900","$589,700","$590,700","$593,900","$592,500","$585,900","$582,100","$578,900","$576,000","$575,300","$578,900","$579,900","$580,300","$582,300","$582,300","$578,100","$575,600","$577,900","$576,400","$570,600","$564,200","$559,700","$555,200","$552,400","$548,400","$545,800","$547,300","$549,300","$549,600","$552,300","$556,300","$560,300","$562,100","$561,700","$561,600","$565,300","$573,700","$583,300","$590,600","$595,600","$601,500","$607,400","$613,600","$620,600","$629,100","$637,900","$645,800","$650,700","$652,800","$654,900","$658,300","$664,000","$670,200","$674,900","$678,800","$683,700","$689,100","$694,100","$697,900","$701,700","$704,600","$706,100","$708,600","$713,900","$720,700","$726,200","$731,800","$737,100","$740,000","$742,400","$746,500","$749,700","$752,900","$756,900","$759,800","$762,400","$766,100","$767,600","$768,800","$774,500","$783,900","$791,800","$797,200","$803,200","$810,500","$817,000","$821,700","$827,100","$833,400","$840,700","$847,600","$852,200","$856,800","$862,700","$865,500","$866,500","$869,800","$876,000","$882,200","$886,200","$887,900","$892,100","$897,300","$900,000","$899,500","$899,400","$903,400","$909,600","$913,100","$910,700","$905,100","$900,400","$896,900","$892,100"
Neponsit,neighborhood,All Homes,"$973,500","$986,200","$999,600","$1,009,000","$1,013,600","$1,016,400","$1,017,900","$1,018,800","$1,022,100","$1,029,500","$1,033,500","$1,022,500","$1,007,000","$990,000","$977,600","$972,400","$972,800","$967,600","$966,600","$971,000","$968,400","$962,000","$967,300","$987,900","$1,006,000","$1,014,000","$1,013,000","$1,012,500","$1,012,900","$1,015,300","$1,014,600","$1,014,200","$1,020,700","$1,027,500","$1,024,500","$1,016,800","$1,015,600","$1,022,400","$1,027,500","$1,025,800","$1,025,000","$1,030,500","$1,040,600","$1,049,600","$1,049,000","$1,039,100","$1,028,700","$1,023,400","$1,023,400","$1,019,600","$1,004,400","$981,100","$951,300","$920,700","$900,800","$892,700","$901,000","$912,900","$915,800","$911,700","$906,800","$903,200","$916,300","$938,600","$960,500","$979,200","$986,100","$978,900","$974,300","$978,000","$976,100","$963,800","$951,900","$949,000","$957,700","$977,000","$999,400","$1,019,500","$1,041,800","$1,065,000","$1,080,300","$1,089,000","$1,100,200","$1,118,500","$1,129,100","$1,111,400","$1,069,300","$1,031,800","$1,008,800","$996,000","$987,600","$983,000","$979,200","$974,300","$972,300","$976,900","$987,200","$1,005,800","$1,024,800","$1,039,300","$1,054,800","$1,075,400","$1,095,600","$1,113,500","$1,116,900","$1,116,200","$1,130,100","$1,152,200","$1,168,100","$1,191,800","$1,220,500","$1,237,600","$1,246,700","$1,252,000","$1,248,700","$1,237,700","$1,231,000","$1,231,600","$1,234,100","$1,230,900"
Oakland Gardens,neighborhood,All Homes,"$634,900","$639,000","$644,800","$648,800","$649,300","$649,300","$647,900","$644,900","$645,900","$649,500","$647,500","$640,700","$636,600","$631,400","$626,100","$624,800","$627,600","$626,600","$625,700","$626,600","$625,300","$620,100","$619,000","$622,800","$624,400","$622,900","$619,800","$617,100","$615,400","$614,600","$612,900","$611,800","$611,400","$611,000","$612,200","$616,400","$619,500","$621,900","$624,600","$627,300","$627,100","$628,500","$634,600","$643,100","$648,700","$652,000","$654,300","$656,900","$662,300","$670,300","$677,600","$683,400","$688,000","$690,400","$692,500","$695,700","$700,900","$709,500","$718,000","$720,700","$720,800","$724,400","$730,300","$733,000","$736,000","$741,500","$744,500","$745,100","$747,300","$752,500","$757,100","$762,000","$767,100","$772,900","$775,400","$779,600","$788,100","$798,200","$804,700","$809,900","$814,800","$816,100","$817,500","$819,100","$820,500","$823,400","$831,000","$837,600","$841,000","$843,900","$849,800","$857,100","$862,200","$866,900","$871,800","$877,000","$882,000","$884,300","$883,500","$882,800","$880,800","$879,900","$882,900","$886,600","$889,600","$892,500","$895,300","$901,900","$910,000","$913,200","$914,400","$918,600","$926,000","$932,300","$933,300","$929,300","$924,800","$922,500","$920,900","$917,600"
Ozone Park,neighborhood,All Homes,"$349,000","$349,400","$350,400","$351,000","$350,900","$352,400","$354,100","$354,600","$355,800","$359,100","$360,100","$358,900","$358,400","$356,300","$354,400","$354,700","$356,600","$356,300","$354,900","$354,000","$352,600","$348,900","$345,400","$344,900","$344,900","$343,700","$341,300","$337,900","$332,600","$326,400","$322,200","$319,900","$318,900","$317,800","$318,100","$318,700","$317,500","$316,400","$317,800","$320,700","$324,500","$329,400","$334,400","$339,800","$344,100","$347,000","$351,000","$356,800","$362,100","$366,900","$371,200","$375,400","$379,500","$383,100","$386,300","$389,400","$391,900","$394,700","$397,300","$397,900","$397,300","$398,200","$399,600","$401,400","$404,200","$408,000","$411,300","$414,100","$417,000","$420,600","$423,300","$426,000","$429,700","$433,700","$435,100","$434,800","$433,700","$433,700","$434,600","$435,600","$436,200","$438,000","$440,800","$442,600","$445,600","$450,500","$454,800","$457,200","$459,600","$463,600","$467,600","$468,600","$469,500","$472,500","$476,000","$478,100","$480,500","$483,300","$487,600","$492,800","$497,700","$501,000","$503,200","$505,700","$508,800","$510,600","$510,800","$513,300","$518,100","$522,100","$524,400","$526,200","$528,100","$527,800","$527,100","$528,800","$532,700","$535,900","$538,800","$539,800"
Pomonok,neighborhood,All Homes,"$397,200","$398,200","$399,300","$400,400","$400,300","$403,400","$408,500","$410,800","$410,800","$412,000","$410,000","$402,400","$395,200","$388,900","$382,900","$376,700","$372,200","$366,900","$364,200","$365,400","$370,100","$375,300","$379,700","$384,300","$387,900","$389,600","$391,000","$393,700","$396,200","$397,700","$396,700","$395,800","$394,500","$389,900","$385,900","$386,700","$388,200","$389,400","$391,300","$392,800","$393,800","$395,900","$399,700","$403,900","$406,300","$407,800","$410,900","$416,000","$420,900","$425,900","$429,800","$433,200","$436,300","$438,800","$438,900","$438,300","$438,500","$441,100","$445,200","$448,400","$450,200","$452,100","$454,700","$458,800","$464,100","$469,100","$472,700","$476,300","$482,100","$488,100","$489,300","$486,900","$487,100","$491,700","$496,900","$500,800","$504,800","$508,600","$512,700","$514,800","$515,400","$515,000","$517,500","$520,400","$522,200","$521,500","$521,400","$522,400","$521,500","$520,400","$522,600","$527,300","$529,700","$532,900","$539,400","$548,000","$557,900","$567,200","$572,800","$578,300","$586,900","$594,000","$596,400","$600,300","$608,800","$617,800","$623,900","$629,200","$632,500","$633,800","$635,100","$636,800","$638,600","$640,700","$641,800","$637,800","$629,900","$623,000","$618,300","$614,300"
Queens Village,neighborhood,All Homes,"$362,000","$362,200","$363,400","$364,400","$364,900","$364,200","$361,300","$358,900","$359,000","$359,900","$359,100","$357,000","$355,700","$352,500","$349,000","$347,400","$347,400","$345,500","$344,200","$344,000","$342,400","$339,300","$338,200","$339,500","$339,800","$338,600","$335,900","$333,200","$332,000","$332,700","$333,600","$336,300","$340,700","$343,900","$345,300","$347,000","$347,800","$347,900","$348,500","$348,900","$348,700","$349,400","$351,400","$353,000","$353,600","$354,000","$355,100","$356,400","$358,300","$361,600","$366,400","$370,900","$375,000","$378,200","$380,600","$381,700","$382,100","$384,700","$389,200","$392,700","$395,200","$398,900","$402,500","$405,200","$406,700","$408,700","$410,900","$412,800","$415,100","$418,600","$420,800","$422,000","$423,700","$426,000","$426,600","$426,600","$427,800","$429,700","$431,400","$433,200","$435,300","$437,700","$440,500","$441,800","$443,100","$445,800","$450,300","$454,900","$457,800","$460,300","$464,300","$467,300","$467,800","$467,100","$465,600","$464,500","$464,600","$465,000","$464,700","$466,300","$469,900","$474,600","$479,300","$484,300","$489,000","$492,000","$494,700","$500,900","$508,600","$513,800","$517,400","$520,000","$521,900","$521,500","$519,500","$518,100","$518,800","$520,000","$521,100","$521,100"
Rego Park,neighborhood,All Homes,"$499,200","$503,000","$505,900","$507,700","$508,800","$506,500","$499,000","$492,400","$490,800","$491,900","$488,400","$478,300","$471,000","$470,600","$474,300","$478,700","$485,000","$491,500","$500,200","$508,800","$512,800","$511,200","$512,100","$516,500","$516,700","$510,400","$502,000","$493,900","$487,200","$481,900","$474,900","$467,400","$465,300","$465,100","$464,800","$468,300","$473,700","$475,600","$476,600","$478,500","$480,000","$482,200","$488,900","$496,600","$499,700","$500,300","$505,300","$511,700","$516,200","$520,900","$526,100","$531,600","$537,100","$542,200","$545,900","$550,400","$555,000","$560,900","$567,500","$574,600","$581,600","$588,900","$596,000","$602,400","$607,200","$613,100","$618,800","$621,900","$624,800","$630,600","$634,100","$633,100","$630,400","$630,900","$633,600","$636,700","$641,200","$644,900","$647,000","$652,200","$662,200","$672,400","$681,200","$688,100","$696,100","$704,500","$711,300","$717,800","$722,200","$726,800","$733,000","$737,800","$738,200","$742,200","$748,700","$754,100","$757,100","$758,200","$760,400","$763,700","$763,000","$761,100","$760,700","$759,900","$760,300","$761,800","$759,500","$759,800","$766,300","$772,900","$774,900","$777,000","$782,000","$785,800","$789,100","$793,300","$794,700","$790,100","$784,600","$780,000"
Richmond Hill,neighborhood,All Homes,"$375,600","$375,000","$374,700","$374,100","$374,000","$371,800","$365,900","$359,700","$357,900","$358,400","$357,900","$354,900","$350,900","$345,800","$341,700","$339,600","$338,600","$336,000","$334,600","$335,800","$337,700","$338,000","$338,800","$342,200","$344,900","$345,100","$344,500","$344,800","$344,800","$345,200","$345,500","$345,900","$345,200","$342,300","$340,100","$340,800","$342,700","$344,700","$345,800","$345,600","$345,500","$348,000","$354,100","$360,300","$363,500","$366,200","$368,600","$369,400","$369,600","$371,500","$375,300","$379,300","$383,000","$386,800","$390,200","$392,700","$395,500","$400,700","$406,700","$410,400","$412,300","$414,700","$416,800","$418,300","$419,000","$419,500","$418,200","$415,800","$414,900","$415,300","$415,100","$415,300","$417,000","$419,400","$421,800","$425,100","$430,300","$435,500","$439,800","$443,900","$446,200","$447,200","$450,200","$454,500","$458,000","$463,000","$469,800","$474,000","$474,100","$473,800","$475,900","$478,100","$482,300","$488,600","$495,100","$501,600","$509,700","$514,300","$515,600","$517,000","$520,100","$524,100","$529,600","$536,800","$542,800","$546,100","$548,300","$552,200","$557,000","$561,400","$564,900","$568,600","$573,100","$576,600","$577,900","$577,600","$578,300","$580,000","$579,100","$574,900"
Rochdale,neighborhood,All Homes,"$343,600","$343,400","$341,300","$339,600","$340,800","$339,900","$333,900","$329,300","$329,100","$329,800","$327,400","$322,800","$319,600","$315,100","$312,400","$314,100","$318,800","$320,400","$319,100","$317,100","$315,400","$313,500","$313,800","$315,200","$314,300","$313,800","$313,300","$310,100","$304,900","$303,000","$307,200","$314,300","$319,300","$321,500","$322,700","$324,200","$326,800","$330,600","$334,900","$337,300","$337,900","$338,600","$339,800","$340,900","$341,800","$343,200","$345,600","$349,200","$352,100","$354,500","$356,800","$358,500","$360,000","$362,000","$362,300","$360,200","$358,400","$359,200","$362,000","$364,500","$365,700","$366,400","$366,900","$368,200","$370,800","$374,000","$377,500","$381,300","$385,600","$388,800","$390,300","$390,700","$392,400","$394,000","$394,300","$393,100","$392,000","$392,100","$392,700","$391,800","$388,800","$386,800","$387,700","$390,600","$394,500","$398,100","$402,300","$408,800","$413,200","$414,900","$418,000","$422,900","$426,500","$428,800","$428,800","$427,400","$425,100","$422,400","$420,500","$420,200","$420,800","$423,200","$428,000","$433,500","$437,800","$440,800","$444,500","$450,600","$457,900","$463,700","$468,600","$473,700","$478,200","$479,500","$476,500","$474,100","$475,700","$479,100","$479,800","$478,000"
Rockaway Beach,neighborhood,All Homes,"$324,800","$324,900","$324,100","$321,700","$320,900","$322,100","$320,300","$317,200","$317,600","$318,800","$316,700","$311,800","$306,400","$300,000","$296,600","$302,300","$306,700","$298,600","$291,400","$292,300","$292,800","$290,800","$291,400","$294,300","$294,800","$292,200","$288,500","$285,900","$286,300","$289,200","$290,200","$290,000","$289,700","$287,100","$289,100","$294,500","$300,100","$308,000","$320,200","$326,500","$325,000","$324,900","$329,400","$330,800","$335,900","$340,400","$328,800","$306,400","$291,300","$284,400","$280,600","$274,600","$267,000","$262,300","$259,500","$257,900","$255,700","$257,400","$261,000","$266,600","$274,200","$280,500","$279,400","$275,100","$277,600","$285,400","$293,000","$294,600","$294,500","$299,000","$305,400","$305,800","$302,000","$301,300","$302,300","$305,000","$307,600","$310,900","$312,300","$315,700","$320,700","$323,600","$325,000","$328,400","$331,900","$332,500","$330,600","$330,200","$332,400","$335,100","$337,300","$338,800","$336,600","$333,900","$335,500","$338,600","$338,800","$335,400","$333,600","$331,400","$326,600","$322,100","$320,100","$316,700","$314,300","$313,600","$311,700","$312,000","$317,300","$326,900","$335,600","$345,200","$350,600","$344,500","$335,500","$336,100","$335,400","$326,600","$327,400","$339,100"
Rockaway Park,neighborhood,All Homes,"$505,300","$501,200","$497,200","$494,500","$494,600","$489,800","$478,100","$468,800","$469,600","$472,300","$470,400","$465,500","$462,800","$461,000","$462,500","$467,300","$471,400","$472,100","$473,800","$480,900","$486,300","$487,100","$491,500","$499,900","$500,000","$493,000","$483,300","$474,100","$467,400","$464,000","$457,800","$448,700","$440,800","$428,600","$417,700","$414,800","$414,600","$411,700","$408,000","$401,200","$394,000","$388,100","$385,900","$387,200","$389,100","$396,500","$409,100","$415,600","$416,400","$413,300","$408,200","$406,000","$408,300","$411,300","$418,000","$428,000","$431,300","$429,800","$418,400","$400,800","$394,100","$412,400","$437,800","$453,200","$455,100","$454,100","$453,900","$447,600","$442,100","$441,300","$442,000","$444,900","$451,000","$449,200","$441,200","$437,500","$439,300","$444,900","$451,000","$450,000","$444,200","$442,600","$442,300","$440,900","$439,800","$436,200","$434,700","$441,100","$451,500","$461,500","$469,700","$479,000","$488,900","$494,700","$498,500","$505,100","$512,200","$517,500","$520,400","$518,500","$512,700","$506,400","$504,600","$506,100","$507,700","$509,000","$514,700","$520,000","$516,600","$510,100","$508,800","$510,200","$511,800","$514,400","$514,100","$512,600","$512,300","$511,800","$512,000","$514,100"
Rosedale,neighborhood,All Homes,"$372,600","$372,300","$372,500","$368,800","$366,400","$367,500","$367,000","$362,900","$361,700","$361,800","$359,500","$354,900","$352,400","$350,200","$347,300","$346,400","$347,300","$345,100","$345,200","$348,500","$350,000","$347,400","$347,200","$350,300","$350,900","$347,100","$342,800","$340,300","$338,200","$336,900","$334,800","$332,500","$332,300","$333,200","$332,900","$332,200","$331,200","$330,900","$332,200","$333,200","$333,100","$333,800","$335,800","$338,300","$340,000","$340,100","$340,600","$342,500","$344,100","$346,200","$350,000","$354,200","$357,900","$360,900","$362,300","$362,700","$363,300","$367,600","$373,700","$378,000","$380,300","$382,800","$384,200","$386,100","$387,900","$388,700","$389,100","$389,400","$388,700","$388,900","$389,700","$390,100","$391,100","$394,000","$397,200","$401,000","$404,600","$408,000","$411,600","$415,000","$416,800","$417,300","$417,400","$418,100","$420,800","$424,900","$428,300","$428,100","$426,400","$426,400","$429,500","$433,300","$436,600","$439,400","$441,400","$442,700","$444,300","$446,100","$446,600","$447,400","$448,900","$451,400","$455,700","$461,000","$463,600","$463,000","$461,600","$462,800","$467,200","$472,800","$477,300","$482,000","$486,600","$487,900","$484,300","$481,700","$484,000","$488,600","$491,500","$492,500"
South Ozone Park,neighborhood,All Homes,"$344,000","$343,600","$343,500","$343,400","$343,200","$342,900","$340,700","$337,100","$334,400","$333,700","$332,300","$328,400","$323,600","$317,100","$312,200","$310,600","$310,800","$309,800","$309,300","$310,200","$310,700","$309,400","$308,700","$310,200","$310,900","$310,800","$309,100","$306,200","$304,600","$305,800","$307,500","$309,600","$312,200","$312,900","$312,300","$313,400","$317,700","$323,700","$329,700","$334,100","$336,600","$338,100","$340,200","$342,400","$343,600","$344,400","$346,500","$349,100","$351,700","$354,500","$357,900","$361,300","$364,800","$367,500","$369,500","$371,300","$374,600","$379,700","$384,800","$387,800","$388,900","$389,700","$390,200","$390,600","$389,700","$388,300","$387,700","$387,700","$389,000","$392,500","$394,300","$394,600","$397,000","$402,100","$405,400","$406,800","$410,000","$416,800","$424,300","$430,200","$432,100","$431,500","$432,100","$433,900","$434,900","$436,800","$442,100","$446,700","$447,500","$446,800","$448,100","$450,600","$451,900","$453,200","$457,300","$461,800","$465,400","$467,600","$467,800","$470,200","$475,500","$479,900","$481,000","$481,300","$482,200","$483,600","$483,200","$484,600","$487,700","$489,900","$492,100","$496,100","$499,800","$501,300","$502,600","$505,400","$511,300","$519,200","$527,400","$531,600"
Springfield Gardens,neighborhood,All Homes,"$342,400","$342,200","$343,400","$342,200","$340,900","$341,000","$339,700","$337,200","$338,800","$339,600","$335,700","$330,500","$328,700","$327,100","$325,100","$323,500","$323,700","$322,200","$322,000","$324,200","$325,900","$325,800","$328,200","$332,900","$332,500","$329,100","$326,300","$324,600","$322,900","$323,400","$324,200","$325,400","$326,700","$326,700","$325,600","$324,700","$325,400","$328,500","$331,800","$334,600","$337,200","$339,000","$340,000","$340,800","$340,200","$339,400","$340,300","$341,500","$342,700","$344,200","$345,100","$346,100","$347,900","$349,900","$350,600","$348,400","$345,800","$347,100","$351,800","$356,300","$360,700","$365,100","$368,500","$370,400","$373,300","$376,600","$379,800","$382,200","$384,400","$386,500","$386,000","$385,600","$385,400","$382,000","$377,200","$377,400","$377,800","$377,700","$377,600","$378,200","$378,200","$379,100","$380,400","$382,300","$384,800","$388,700","$393,600","$397,400","$397,600","$396,000","$398,100","$403,700","$408,500","$411,400","$413,100","$415,100","$415,300","$415,100","$415,500","$413,900","$410,600","$409,800","$412,400","$417,700","$423,400","$428,600","$434,700","$440,600","$445,700","$450,000","$454,700","$460,700","$467,700","$472,800","$473,600","$471,400","$470,800","$471,100","$468,600","$464,200"
St. Albans,neighborhood,All Homes,"$348,800","$350,200","$351,200","$351,600","$352,200","$349,400","$341,700","$335,200","$334,200","$334,100","$331,900","$328,900","$327,000","$323,100","$320,300","$320,700","$322,700","$323,500","$324,500","$326,000","$325,400","$322,900","$322,500","$324,200","$323,600","$321,500","$319,400","$317,500","$316,100","$316,600","$319,200","$322,200","$324,900","$326,400","$327,300","$328,200","$330,400","$332,800","$335,300","$337,800","$341,100","$343,800","$345,600","$346,800","$348,000","$349,400","$351,000","$353,100","$354,800","$357,600","$360,400","$361,000","$360,500","$361,200","$362,600","$363,400","$363,800","$365,700","$368,100","$369,100","$368,700","$369,600","$370,800","$371,300","$371,900","$374,100","$376,100","$377,700","$379,300","$380,500","$380,500","$380,400","$380,900","$381,600","$382,100","$382,300","$381,700","$381,200","$381,500","$382,300","$382,700","$385,200","$389,600","$392,500","$394,900","$398,400","$402,800","$408,800","$413,300","$416,200","$420,000","$423,800","$424,900","$425,400","$425,200","$425,500","$427,500","$428,300","$426,400","$424,200","$423,600","$425,400","$429,600","$434,700","$439,700","$444,200","$447,400","$452,800","$459,400","$464,500","$468,500","$473,000","$475,300","$474,200","$471,400","$470,200","$471,200","$472,700","$474,100","$474,400"
Sunnyside,neighborhood,All Homes,"$450,200","$453,900","$456,600","$448,700","$447,100","$445,900","$434,100","$423,000","$428,200","$430,700","$423,000","$408,200","$397,500","$392,600","$394,000","$399,600","$404,600","$407,400","$414,100","$421,500","$422,900","$421,600","$426,000","$438,500","$447,900","$449,000","$444,500","$442,400","$437,300","$431,500","$428,100","$427,400","$427,700","$432,700","$436,500","$437,700","$439,300","$442,500","$445,200","$448,200","$449,800","$453,000","$460,600","$469,900","$474,700","$476,600","$480,100","$484,600","$486,900","$488,300","$492,000","$496,000","$497,300","$499,600","$502,200","$498,400","$492,700","$490,300","$490,600","$494,100","$506,700","$523,800","$539,600","$550,300","$557,400","$560,000","$559,500","$560,700","$566,800","$576,500","$582,500","$586,100","$586,400","$587,500","$587,900","$594,100","$604,800","$617,800","$624,600","$630,400","$632,100","$635,200","$641,600","$641,000","$632,800","$631,300","$635,400","$639,400","$649,500","$659,300","$662,100","$662,300","$661,100","$653,200","$649,900","$657,300","$666,400","$657,400","$636,300","$627,600","$632,200","$639,300","$653,400","$668,400","$683,200","$706,400","$729,200","$740,000","$748,100","$758,100","$770,300","$771,000","$768,200","$766,100","$760,500","$759,600","$762,600","$753,700","$740,700","$736,100"
Utopia,neighborhood,All Homes,"$606,000","$610,800","$616,900","$619,000","$618,100","$619,800","$622,400","$621,100","$622,300","$627,800","$630,000","$627,500","$627,100","$625,300","$622,100","$622,200","$625,900","$625,500","$625,300","$629,600","$632,400","$630,000","$630,700","$636,100","$635,000","$628,800","$620,700","$613,400","$606,500","$603,300","$597,100","$588,100","$580,900","$577,600","$573,800","$572,100","$574,600","$580,000","$586,100","$593,000","$599,500","$605,200","$612,900","$621,100","$626,300","$630,300","$635,900","$641,200","$646,900","$652,300","$656,600","$659,700","$664,900","$670,300","$675,000","$680,300","$688,900","$696,700","$705,300","$713,200","$718,500","$726,100","$738,900","$749,700","$756,700","$761,100","$763,800","$767,200","$774,000","$780,100","$782,600","$784,500","$788,500","$791,900","$795,000","$800,500","$806,500","$812,300","$820,400","$827,100","$827,700","$826,400","$826,700","$826,200","$827,400","$833,500","$838,900","$841,800","$842,900","$845,300","$851,100","$860,500","$868,400","$877,100","$886,000","$894,300","$901,500","$906,200","$907,700","$910,600","$913,900","$918,200","$922,400","$927,900","$934,800","$941,100","$944,300","$947,800","$950,800","$951,700","$950,600","$950,900","$954,800","$957,100","$956,300","$954,200","$950,500","$948,400","$949,900","$949,900"
Whitestone,neighborhood,All Homes,"$613,600","$615,900","$618,500","$620,200","$620,400","$619,600","$616,100","$611,600","$610,100","$611,100","$607,300","$599,800","$596,300","$592,700","$588,700","$588,200","$593,600","$597,300","$601,500","$606,500","$608,600","$606,900","$606,600","$609,600","$608,700","$604,400","$598,200","$592,200","$585,300","$579,200","$572,000","$565,900","$563,100","$561,000","$559,400","$560,000","$561,300","$563,700","$566,500","$566,800","$566,100","$570,200","$579,900","$590,200","$598,300","$604,200","$611,300","$619,700","$628,000","$636,600","$646,800","$657,300","$666,900","$674,700","$678,100","$678,900","$679,700","$682,700","$687,800","$690,800","$691,500","$692,300","$693,900","$694,800","$696,400","$699,300","$703,400","$709,500","$718,300","$727,600","$733,500","$738,600","$746,500","$752,100","$752,900","$755,300","$759,300","$760,700","$761,800","$764,700","$768,200","$771,300","$773,900","$775,400","$777,200","$782,400","$789,800","$795,300","$797,900","$800,600","$805,100","$810,300","$812,800","$816,000","$822,200","$829,600","$835,100","$838,200","$841,000","$848,800","$858,300","$865,600","$872,400","$882,400","$892,200","$898,100","$899,700","$902,000","$906,100","$912,400","$918,600","$924,500","$928,700","$930,300","$928,000","$920,000","$908,400","$900,500","$896,700","$892,000"
Woodhaven,neighborhood,All Homes,"$332,900","$330,500","$330,400","$330,700","$329,800","$332,600","$338,400","$340,600","$339,800","$341,100","$341,800","$341,300","$342,000","$342,600","$342,400","$342,100","$341,700","$338,000","$333,900","$333,900","$336,200","$336,600","$336,500","$339,500","$341,900","$340,300","$336,900","$335,300","$333,600","$331,000","$329,300","$329,100","$327,800","$325,000","$324,500","$325,900","$325,900","$326,700","$330,300","$334,400","$338,700","$344,400","$350,500","$355,100","$358,100","$360,900","$362,900","$363,400","$364,200","$366,600","$368,800","$369,800","$371,200","$372,800","$373,500","$374,800","$378,500","$383,900","$389,400","$392,800","$395,300","$399,400","$403,900","$407,200","$411,100","$415,500","$419,600","$422,400","$425,400","$427,900","$430,000","$432,600","$436,500","$439,600","$440,200","$440,300","$440,900","$440,900","$440,800","$442,600","$444,800","$447,300","$451,300","$455,100","$458,500","$462,300","$466,500","$470,000","$473,300","$478,400","$484,400","$488,000","$490,900","$497,000","$502,200","$505,100","$509,600","$514,800","$518,800","$524,700","$531,700","$537,700","$541,800","$546,800","$552,200","$556,200","$559,500","$565,600","$571,600","$574,800","$576,600","$579,100","$581,800","$581,600","$579,200","$576,800","$575,100","$573,500","$571,700","$569,500"
Woodside,neighborhood,All Homes,"$485,100","$488,200","$491,500","$493,500","$494,100","$491,100","$484,700","$480,200","$480,000","$481,000","$478,500","$472,300","$467,000","$457,100","$446,100","$440,300","$440,400","$440,800","$444,700","$448,700","$448,800","$445,200","$443,900","$447,200","$449,900","$450,500","$449,000","$447,500","$447,700","$452,100","$456,300","$457,100","$458,000","$461,900","$465,400","$466,200","$465,600","$468,100","$473,000","$475,500","$473,900","$472,600","$474,700","$478,800","$482,100","$483,800","$487,100","$491,100","$493,900","$497,000","$500,900","$504,400","$507,900","$511,100","$511,900","$512,600","$515,600","$519,100","$521,600","$524,600","$531,700","$541,800","$551,900","$560,300","$567,300","$573,000","$576,600","$579,600","$583,900","$589,000","$593,100","$597,000","$600,800","$602,200","$602,200","$603,500","$606,900","$608,200","$609,900","$615,300","$622,800","$628,800","$634,300","$639,200","$645,000","$651,900","$659,300","$666,000","$668,700","$671,400","$676,500","$683,200","$689,800","$697,500","$701,200","$702,700","$699,700","$696,300","$692,700","$693,900","$700,300","$712,400","$722,100","$726,500","$723,300","$720,100","$721,000","$726,600","$736,600","$749,100","$758,900","$765,300","$769,000","$767,900","$764,100","$761,700","$762,400","$764,700","$767,400","$767,300"
